{
	"credit": "Made with Blockbench",
	"texture_size": [64, 64],
	"textures": {
		"0": "entity/bed/red",
		"particle": "block/bed_particle"
	},
	"elements": [
		{
			"from": [13, 0, 0],
			"to": [16, 3, 3],
			"rotation": {"angle": 0, "axis": "y", "origin": [13, 0, 0]},
			"faces": {
				"north": {"uv": [13.25, 0.75, 14, 1.5], "texture": "#0"},
				"east": {"uv": [12.5, 0.75, 13.25, 1.5], "texture": "#0"},
				"south": {"uv": [14.75, 0.75, 15.5, 1.5], "texture": "#0"},
				"west": {"uv": [14, 0.75, 14.75, 1.5], "texture": "#0"},
				"up": {"uv": [14, 0.75, 13.25, 0], "texture": "#0"},
				"down": {"uv": [14.75, 0, 14, 0.75], "texture": "#0"}
			}
		},
		{
			"from": [0, 0, 29],
			"to": [3, 3, 32],
			"rotation": {"angle": 0, "axis": "y", "origin": [0, 0, 29]},
			"faces": {
				"north": {"uv": [14.75, 5.25, 14, 6], "texture": "#0"},
				"east": {"uv": [15.5, 5.25, 14.75, 6], "texture": "#0"},
				"south": {"uv": [13.25, 5.25, 12.5, 6], "texture": "#0"},
				"west": {"uv": [14, 5.25, 13.25, 6], "texture": "#0"},
				"up": {"uv": [13.25, 5.25, 14, 4.5], "rotation": 270, "texture": "#0"},
				"down": {"uv": [14, 4.5, 14.75, 5.25], "rotation": 90, "texture": "#0"}
			}
		},
		{
			"from": [13, 0, 29],
			"to": [16, 3, 32],
			"rotation": {"angle": 0, "axis": "y", "origin": [13, 0, 32]},
			"faces": {
				"north": {"uv": [15.5, 2.25, 14.75, 3], "texture": "#0"},
				"east": {"uv": [13.25, 2.25, 12.5, 3], "texture": "#0"},
				"south": {"uv": [14, 2.25, 13.25, 3], "texture": "#0"},
				"west": {"uv": [14.75, 2.25, 14, 3], "texture": "#0"},
				"up": {"uv": [13.25, 2.25, 14, 1.5], "rotation": 180, "texture": "#0"},
				"down": {"uv": [14, 1.5, 14.75, 2.25], "rotation": 180, "texture": "#0"}
			}
		},
		{
			"from": [0, 0, 0],
			"to": [3, 3, 3],
			"rotation": {"angle": 0, "axis": "y", "origin": [0, 0, 3]},
			"faces": {
				"north": {"uv": [12.5, 3.75, 13.25, 4.5], "texture": "#0"},
				"east": {"uv": [14.75, 3.75, 15.5, 4.5], "texture": "#0"},
				"south": {"uv": [14, 3.75, 14.75, 4.5], "texture": "#0"},
				"west": {"uv": [13.25, 3.75, 14, 4.5], "texture": "#0"},
				"up": {"uv": [14, 3.75, 13.25, 3], "rotation": 270, "texture": "#0"},
				"down": {"uv": [14.75, 3, 14, 3.75], "rotation": 90, "texture": "#0"}
			}
		},
		{
			"from": [0, 3, 16],
			"to": [16, 9, 32],
			"rotation": {"angle": 0, "axis": "y", "origin": [0, 3, 0]},
			"faces": {
				"east": {"uv": [0, 1.5, 1.5, 5.5], "rotation": 270, "texture": "#0"},
				"south": {"uv": [1.5, 0, 5.5, 1.5], "rotation": 180, "texture": "#0"},
				"west": {"uv": [5.5, 1.5, 7, 5.5], "rotation": 90, "texture": "#0"},
				"up": {"uv": [5.5, 5.5, 1.5, 1.5], "texture": "#0"},
				"down": {"uv": [11, 1.5, 7, 5.5], "texture": "#0"}
			}
		},
		{
			"from": [0, 3, 0],
			"to": [16, 9, 16],
			"rotation": {"angle": 0, "axis": "y", "origin": [8, 0, 8]},
			"faces": {
				"north": {"uv": [5.5, 5.5, 9.5, 7], "rotation": 180, "texture": "#0"},
				"east": {"uv": [0, 7, 1.5, 11], "rotation": 270, "texture": "#0"},
				"west": {"uv": [5.5, 7, 7, 11], "rotation": 90, "texture": "#0"},
				"up": {"uv": [5.5, 11, 1.5, 7], "texture": "#0"},
				"down": {"uv": [11, 7, 7, 11], "texture": "#0"}
			}
		}
	]
}