{
	"credit": "Made with Blockbench",
	"ambientocclusion": false,
	"textures": {
		"0": "block/brewing_stand",
		"1": "block/brewing_stand_base",
		"particle": "block/brewing_stand"
	},
	"elements": [
		{
			"from": [7, 2, 7],
			"to": [9, 12, 9],
			"faces": {
				"north": {"uv": [7, 4, 9, 14], "texture": "#0"},
				"east": {"uv": [7, 4, 9, 14], "texture": "#0"},
				"south": {"uv": [7, 4, 9, 14], "texture": "#0"},
				"west": {"uv": [7, 6, 9, 14], "texture": "#0"},
				"up": {"uv": [7, 4, 9, 6], "texture": "#0"}
			}
		},
		{
			"from": [6, 12, 6],
			"to": [10, 14, 10],
			"faces": {
				"north": {"uv": [6, 14, 10, 16], "texture": "#0"},
				"east": {"uv": [6, 14, 10, 16], "texture": "#0"},
				"south": {"uv": [6, 14, 10, 16], "texture": "#0"},
				"west": {"uv": [6, 14, 10, 16], "texture": "#0"},
				"up": {"uv": [7, 14, 9, 16], "texture": "#0"},
				"down": {"uv": [7, 14, 9, 16], "texture": "#0"}
			}
		},
		{
			"from": [6, 0, 6],
			"to": [10, 2, 10],
			"faces": {
				"north": {"uv": [6, 14, 10, 16], "texture": "#0"},
				"east": {"uv": [6, 14, 10, 16], "texture": "#0"},
				"south": {"uv": [6, 14, 10, 16], "texture": "#0"},
				"west": {"uv": [6, 14, 10, 16], "texture": "#0"},
				"up": {"uv": [7, 14, 9, 16], "texture": "#0"},
				"down": {"uv": [7, 14, 9, 16], "texture": "#0"}
			}
		},
		{
			"from": [4.5, 12, 2.5],
			"to": [8.5, 13, 3.5],
			"faces": {
				"north": {"uv": [6, 3, 7, 4], "texture": "#0"},
				"east": {"uv": [6, 3, 7, 4], "texture": "#0"},
				"south": {"uv": [6, 3, 7, 4], "texture": "#0"},
				"west": {"uv": [6, 3, 7, 4], "texture": "#0"},
				"up": {"uv": [6, 3, 7, 4], "texture": "#0"},
				"down": {"uv": [6, 3, 7, 4], "texture": "#0"}
			}
		},
		{
			"from": [10, 12, 7.5],
			"to": [12.5, 13, 8.5],
			"faces": {
				"north": {"uv": [3, 3, 6, 4], "texture": "#0"},
				"east": {"uv": [4, 3, 12, 4], "texture": "#0"},
				"south": {"uv": [3, 3, 6, 4], "texture": "#0"},
				"west": {"uv": [4, 3, 12, 4], "texture": "#0"},
				"up": {"uv": [3, 3, 6, 4], "texture": "#0"},
				"down": {"uv": [3, 3, 6, 4], "texture": "#0"}
			}
		},
		{
			"from": [7.5, 12, 10],
			"to": [8.5, 13, 12.5],
			"faces": {
				"north": {"uv": [4, 3, 12, 4], "texture": "#0"},
				"east": {"uv": [3, 3, 6, 4], "texture": "#0"},
				"south": {"uv": [4, 3, 12, 4], "texture": "#0"},
				"west": {"uv": [3, 3, 6, 4], "texture": "#0"},
				"up": {"uv": [3, 3, 6, 4], "texture": "#0"},
				"down": {"uv": [3, 3, 6, 4], "texture": "#0"}
			}
		},
		{
			"from": [7.5, 12, 3.5],
			"to": [8.5, 13, 6],
			"faces": {
				"north": {"uv": [4, 3, 12, 4], "texture": "#0"},
				"east": {"uv": [3, 3, 6, 4], "texture": "#0"},
				"south": {"uv": [4, 3, 12, 4], "texture": "#0"},
				"west": {"uv": [3, 3, 6, 4], "texture": "#0"},
				"up": {"uv": [3, 3, 6, 4], "texture": "#0"},
				"down": {"uv": [3, 3, 6, 4], "texture": "#0"}
			}
		},
		{
			"from": [4.5, 12, 12.5],
			"to": [8.5, 13, 13.5],
			"faces": {
				"north": {"uv": [6, 3, 7, 4], "texture": "#0"},
				"east": {"uv": [6, 3, 7, 4], "texture": "#0"},
				"south": {"uv": [6, 3, 7, 4], "texture": "#0"},
				"west": {"uv": [6, 3, 7, 4], "texture": "#0"},
				"up": {"uv": [6, 3, 7, 4], "texture": "#0"},
				"down": {"uv": [6, 3, 7, 4], "texture": "#0"}
			}
		},
		{
			"from": [7, 14, 7],
			"to": [9, 15, 9],
			"faces": {
				"north": {"uv": [7, 2, 9, 3], "texture": "#0"},
				"east": {"uv": [7, 2, 9, 3], "texture": "#0"},
				"south": {"uv": [7, 2, 9, 3], "texture": "#0"},
				"west": {"uv": [7, 2, 9, 3], "texture": "#0"},
				"up": {"uv": [7, 2, 8, 3], "texture": "#0"}
			}
		},
		{
			"from": [12.5, 10, 7.5],
			"to": [13.5, 16, 8.5],
			"faces": {
				"north": {"uv": [13, 1, 14, 6], "texture": "#0"},
				"east": {"uv": [13, 1, 14, 6], "texture": "#0"},
				"south": {"uv": [13, 1, 14, 6], "texture": "#0"},
				"west": {"uv": [13, 1, 14, 6], "texture": "#0"},
				"up": {"uv": [13, 1, 14, 2], "texture": "#0"},
				"down": {"uv": [13, 5, 14, 6], "texture": "#0"}
			}
		},
		{
			"from": [3.5, 10, 2.5],
			"to": [4.5, 16, 3.5],
			"faces": {
				"north": {"uv": [13, 1, 14, 6], "texture": "#0"},
				"east": {"uv": [13, 1, 14, 6], "texture": "#0"},
				"south": {"uv": [13, 1, 14, 6], "texture": "#0"},
				"west": {"uv": [13, 1, 14, 6], "texture": "#0"},
				"up": {"uv": [13, 1, 14, 2], "texture": "#0"},
				"down": {"uv": [13, 5, 14, 6], "texture": "#0"}
			}
		},
		{
			"from": [3.5, 10, 12.5],
			"to": [4.5, 16, 13.5],
			"faces": {
				"north": {"uv": [13, 1, 14, 6], "texture": "#0"},
				"east": {"uv": [13, 1, 14, 6], "texture": "#0"},
				"south": {"uv": [13, 1, 14, 6], "texture": "#0"},
				"west": {"uv": [13, 1, 14, 6], "texture": "#0"},
				"up": {"uv": [13, 1, 14, 2], "texture": "#0"},
				"down": {"uv": [13, 5, 14, 6], "texture": "#0"}
			}
		},
		{
			"from": [10, 0, 5],
			"to": [16, 2, 11],
			"faces": {
				"north": {"uv": [9, 1, 15, 3], "texture": "#1"},
				"east": {"uv": [9, 11, 15, 13], "texture": "#1"},
				"south": {"uv": [9, 3, 15, 5], "texture": "#1"},
				"west": {"uv": [9, 13, 15, 15], "texture": "#1"},
				"up": {"uv": [9, 5, 15, 11], "texture": "#1"},
				"down": {"uv": [2, 9, 8, 15], "texture": "#1"}
			}
		},
		{
			"from": [1, 0, 10],
			"to": [7, 2, 16],
			"faces": {
				"north": {"uv": [9, 1, 15, 3], "texture": "#1"},
				"east": {"uv": [9, 11, 15, 13], "texture": "#1"},
				"south": {"uv": [9, 3, 15, 5], "texture": "#1"},
				"west": {"uv": [9, 13, 15, 15], "texture": "#1"},
				"up": {"uv": [9, 5, 15, 11], "texture": "#1"},
				"down": {"uv": [2, 9, 8, 15], "texture": "#1"}
			}
		},
		{
			"from": [1, 0, 0],
			"to": [7, 2, 6],
			"faces": {
				"north": {"uv": [9, 1, 15, 3], "texture": "#1"},
				"east": {"uv": [9, 11, 15, 13], "texture": "#1"},
				"south": {"uv": [9, 3, 15, 5], "texture": "#1"},
				"west": {"uv": [9, 13, 15, 15], "texture": "#1"},
				"up": {"uv": [9, 5, 15, 11], "texture": "#1"},
				"down": {"uv": [2, 9, 8, 15], "texture": "#1"}
			}
		}
	],
	"display": {
		"thirdperson_righthand": {
			"rotation": [75, 45, 0],
			"translation": [0, 2.5, 0],
			"scale": [0.375, 0.375, 0.375]
		},
		"thirdperson_lefthand": {
			"rotation": [75, 45, 0],
			"translation": [0, 2.5, 0],
			"scale": [0.375, 0.375, 0.375]
		},
		"firstperson_righthand": {
			"rotation": [0, 45, 0],
			"scale": [0.4, 0.4, 0.4]
		},
		"firstperson_lefthand": {
			"rotation": [0, 225, 0],
			"scale": [0.4, 0.4, 0.4]
		},
		"ground": {
			"translation": [0, 3, 0],
			"scale": [0.25, 0.25, 0.25]
		},
		"gui": {
			"rotation": [30, 225, 0],
			"scale": [0.625, 0.625, 0.625]
		},
		"fixed": {
			"scale": [0.5, 0.5, 0.5]
		}
	}
}