{   "parent": "block/block",
    "textures": {
        "particle": "minecraft:block/dirt",
        "bottom": "minecraft:block/dirt",
        "top": "minecraft:block/grass_block_top_02",
        "south": "minecraft:block/grass_block_side_03",
        "north": "minecraft:block/grass_block_side_03c",
        "east": "minecraft:block/grass_block_side_03a",
        "west": "minecraft:block/grass_block_side_03b",
        "overlay": "minecraft:block/grass_block_side_overlay_02"
    },
    "elements": [
        {   "from": [ 0, 0, 0 ],
            "to": [ 16, 16, 16 ],
            "faces": {
                "down":  { "uv": [ 0, 0, 16, 16 ], "texture": "#bottom", "cullface": "down" },
                "up":    { "uv": [ 0, 0, 16, 16 ], "texture": "#top",    "cullface": "up", "tintindex": 0 },
                "north": { "uv": [ 0, 0, 16, 16 ], "texture": "#north",   "cullface": "north" },
                "south": { "uv": [ 0, 0, 16, 16 ], "texture": "#south",   "cullface": "south" },
                "west":  { "uv": [ 0, 0, 16, 16 ], "texture": "#west",   "cullface": "west" },
                "east":  { "uv": [ 0, 0, 16, 16 ], "texture": "#east",   "cullface": "east" }
            }
        },
        {   "from": [ 0, 0, 0 ],
            "to": [ 16, 16, 16 ],
            "faces": {
                "north": { "uv": [ 0, 0, 16, 16 ], "texture": "#overlay", "tintindex": 0, "cullface": "north" },
                "south": { "uv": [ 0, 0, 16, 16 ], "texture": "#overlay", "tintindex": 0, "cullface": "south" },
                "west":  { "uv": [ 0, 0, 16, 16 ], "texture": "#overlay", "tintindex": 0, "cullface": "west" },
                "east":  { "uv": [ 0, 0, 16, 16 ], "texture": "#overlay", "tintindex": 0, "cullface": "east" }
            }
        }
    ]
}
