{
	"credit": "Made with Blockbench, a free, modern block model editor by JannisX11",
	"ambientocclusion": false,
	"textures": {
		"rail_normal": "block/rail",
		"particle": "block/rail_corner",
		"texture": "block/rail_corner"
	},
	"elements": [
		{
			"from": [2, 0, 3],
			"to": [4, 2, 16],
			"faces": {
				"north": {"uv": [2, 2, 5, 3], "texture": "#texture"},
				"east": {"uv": [3, 16, 4, 3], "rotation": 270, "texture": "#texture"},
				"south": {"uv": [2, 13, 4, 15], "texture": "#texture"},
				"west": {"uv": [2, 16, 3, 3], "rotation": 90, "texture": "#texture"},
				"up": {"uv": [4, 16, 2, 3], "rotation": 180, "texture": "#texture"},
				"down": {"uv": [16, 4, 3, 2], "rotation": 90, "texture": "#texture"}
			}
		},
		{
			"from": [3, 0, 2],
			"to": [16, 2, 4],
			"faces": {
				"north": {"uv": [16, 2, 3, 3], "texture": "#texture"},
				"east": {"uv": [12, 13, 14, 15], "texture": "#texture"},
				"south": {"uv": [3, 3, 16, 4], "texture": "#texture"},
				"west": {"uv": [2, 14, 3, 15], "texture": "#texture"},
				"up": {"uv": [3, 2, 16, 4], "texture": "#texture"},
				"down": {"uv": [5, 4, 7, 2], "texture": "#texture"}
			}
		},
		{
			"from": [12, 0, 13],
			"to": [14, 2, 16],
			"faces": {
				"north": {"uv": [13, 12, 14, 13], "texture": "#texture"},
				"east": {"uv": [13, 13, 14, 14], "texture": "#texture"},
				"south": {"uv": [12, 14, 14, 16], "texture": "#texture"},
				"west": {"uv": [13, 12, 16, 13], "texture": "#texture"},
				"up": {"uv": [12, 13, 14, 16], "texture": "#texture"},
				"down": {"uv": [12, 16, 14, 12], "texture": "#texture"}
			}
		},
		{
			"from": [13, 0, 12],
			"to": [16, 2, 14],
			"faces": {
				"north": {"uv": [16, 13, 13, 12], "texture": "#texture"},
				"east": {"uv": [2, 16, 4, 15], "texture": "#texture"},
				"south": {"uv": [2, 13, 3, 14], "texture": "#texture"},
				"west": {"uv": [12, 14, 13, 13], "texture": "#texture"},
				"up": {"uv": [13, 12, 16, 14], "texture": "#texture"},
				"down": {"uv": [14, 14, 15, 12], "texture": "#texture"}
			}
		},
		{
			"from": [9, 0, 1],
			"to": [11, 1, 9],
			"faces": {
				"north": {"uv": [4, 13, 5, 15], "rotation": 90, "texture": "#rail_normal"},
				"east": {"uv": [4, 10, 12, 11], "rotation": 90, "texture": "#rail_normal"},
				"south": {"uv": [5.5, 4, 6.5, 6], "rotation": 90, "texture": "#rail_normal"},
				"west": {"uv": [4, 10, 6, 11], "rotation": 90, "texture": "#rail_normal"},
				"up": {"uv": [1, 11, 9, 9], "rotation": 90, "texture": "#texture"},
				"down": {"uv": [1, 9, 9, 11], "rotation": 270, "texture": "#texture"}
			}
		},
		{
			"from": [5, 0, 1],
			"to": [7, 1, 5],
			"faces": {
				"north": {"uv": [4, 13, 5, 15], "rotation": 90, "texture": "#rail_normal"},
				"east": {"uv": [4, 10, 12, 11], "rotation": 90, "texture": "#rail_normal"},
				"south": {"uv": [5.5, 4, 6.5, 6], "rotation": 90, "texture": "#rail_normal"},
				"west": {"uv": [4, 10, 6, 11], "rotation": 90, "texture": "#rail_normal"},
				"up": {"uv": [1, 15, 5, 13], "rotation": 90, "texture": "#texture"},
				"down": {"uv": [5, 7, 1, 5], "rotation": 90, "texture": "#texture"}
			}
		},
		{
			"from": [13, 0, 1],
			"to": [15, 1, 12],
			"faces": {
				"north": {"uv": [4, 13, 5, 15], "rotation": 270, "texture": "#rail_normal"},
				"east": {"uv": [1, 13, 12, 14], "rotation": 180, "texture": "#rail_normal"},
				"south": {"uv": [5.5, 4, 8.5, 5], "rotation": 90, "texture": "#rail_normal"},
				"west": {"uv": [4, 15, 5, 14], "rotation": 90, "texture": "#rail_normal"},
				"up": {"uv": [1, 13, 12, 15], "rotation": 90, "texture": "#texture"},
				"down": {"uv": [12, 13, 1, 15], "rotation": 90, "texture": "#texture"}
			}
		},
		{
			"from": [1, 0, 5],
			"to": [7, 1, 7],
			"faces": {
				"north": {"uv": [4, 14, 12, 15], "texture": "#rail_normal"},
				"east": {"uv": [6.5, 2, 9.5, 3], "texture": "#rail_normal"},
				"south": {"uv": [4, 14, 12, 15], "texture": "#rail_normal"},
				"west": {"uv": [4, 13, 5, 15], "rotation": 270, "texture": "#rail_normal"},
				"up": {"uv": [1, 5, 7, 7], "texture": "#texture"},
				"down": {"uv": [1, 7, 7, 5], "texture": "#texture"}
			}
		},
		{
			"from": [1, 0, 9],
			"to": [11, 1, 11],
			"faces": {
				"north": {"uv": [4, 14, 12, 15], "texture": "#rail_normal"},
				"east": {"uv": [6.5, 2, 9.5, 3], "texture": "#rail_normal"},
				"south": {"uv": [4, 14, 12, 15], "texture": "#rail_normal"},
				"west": {"uv": [4, 13, 5, 15], "rotation": 270, "texture": "#rail_normal"},
				"up": {"uv": [1, 9, 11, 11], "texture": "#texture"},
				"down": {"uv": [1, 11, 11, 9], "texture": "#texture"}
			}
		},
		{
			"from": [1, 0, 13],
			"to": [12, 1, 15],
			"faces": {
				"north": {"uv": [4, 14, 12, 15], "texture": "#rail_normal"},
				"east": {"uv": [6.5, 2, 9.5, 3], "texture": "#rail_normal"},
				"south": {"uv": [4, 14, 12, 15], "texture": "#rail_normal"},
				"west": {"uv": [4, 13, 5, 15], "rotation": 270, "texture": "#rail_normal"},
				"up": {"uv": [1, 13, 12, 15], "texture": "#texture"},
				"down": {"uv": [1, 15, 12, 13], "texture": "#texture"}
			}
		}
	],
	"__createdwith": "opl's Model Creator"
}