{
	"credit": "Made with Blockbench, a free, modern block model editor by JannisX11",
	"ambientocclusion": false,
	"textures": {
		"0": "block/rail",
		"particle": "block/powered_rail",
		"texture": "block/powered_rail"
	},
	"elements": [
		{
			"from": [2, 0, 0],
			"to": [4, 2, 16],
			"faces": {
				"north": {"uv": [12, 1, 14, 3], "texture": "#texture"},
				"east": {"uv": [3, 16, 4, 0], "rotation": 270, "texture": "#texture"},
				"south": {"uv": [2, 1, 4, 3], "texture": "#texture"},
				"west": {"uv": [2, 16, 3, 0], "rotation": 90, "texture": "#texture"},
				"up": {"uv": [2, 0, 4, 16], "texture": "#texture"},
				"down": {"uv": [2, 16, 4, 0], "texture": "#texture"}
			}
		},
		{
			"from": [12, 0, 0],
			"to": [14, 2, 16],
			"faces": {
				"north": {"uv": [2, 1, 4, 3], "texture": "#texture"},
				"east": {"uv": [13, 0, 14, 16], "rotation": 90, "texture": "#texture"},
				"south": {"uv": [12, 1, 14, 3], "texture": "#texture"},
				"west": {"uv": [12, 16, 13, 0], "rotation": 90, "texture": "#texture"},
				"up": {"uv": [12, 0, 14, 16], "texture": "#0"},
				"down": {"uv": [12, 16, 14, 0], "texture": "#texture"}
			}
		},
		{
			"from": [1, 0, 1],
			"to": [15, 1, 3],
			"faces": {
				"north": {"uv": [1, 13, 15, 14], "texture": "#0"},
				"east": {"uv": [4, 13, 5, 15], "rotation": 270, "texture": "#0"},
				"south": {"uv": [4, 14, 6, 15], "texture": "#0"},
				"west": {"uv": [4, 13, 5, 15], "rotation": 270, "texture": "#0"},
				"up": {"uv": [1, 13, 15, 15], "texture": "#0"},
				"down": {"uv": [1, 3, 15, 1], "texture": "#0"}
			}
		},
		{
			"from": [1, 0, 5],
			"to": [15, 1, 7],
			"faces": {
				"north": {"uv": [1, 13, 15, 14], "texture": "#0"},
				"east": {"uv": [4, 13, 5, 15], "rotation": 270, "texture": "#0"},
				"south": {"uv": [4, 14, 6, 15], "texture": "#0"},
				"west": {"uv": [4, 13, 5, 15], "rotation": 270, "texture": "#0"},
				"up": {"uv": [1, 13, 15, 15], "texture": "#0"},
				"down": {"uv": [1, 7, 15, 5], "texture": "#0"}
			}
		},
		{
			"from": [1, 0, 9],
			"to": [15, 1, 11],
			"faces": {
				"north": {"uv": [1, 13, 15, 14], "texture": "#0"},
				"east": {"uv": [4, 13, 5, 15], "rotation": 270, "texture": "#0"},
				"south": {"uv": [4, 14, 6, 15], "texture": "#0"},
				"west": {"uv": [4, 13, 5, 15], "rotation": 270, "texture": "#0"},
				"up": {"uv": [1, 13, 15, 15], "texture": "#0"},
				"down": {"uv": [1, 11, 15, 9], "texture": "#0"}
			}
		},
		{
			"from": [1, 0, 13],
			"to": [15, 1, 15],
			"faces": {
				"north": {"uv": [1, 13, 15, 14], "texture": "#0"},
				"east": {"uv": [4, 13, 5, 15], "rotation": 270, "texture": "#0"},
				"south": {"uv": [4, 14, 6, 15], "texture": "#0"},
				"west": {"uv": [4, 13, 5, 15], "rotation": 270, "texture": "#0"},
				"up": {"uv": [1, 13, 15, 15], "texture": "#0"},
				"down": {"uv": [1, 15, 15, 13], "texture": "#0"}
			}
		},
		{
			"from": [6, 1, 0],
			"to": [7, 2, 16],
			"faces": {
				"north": {"uv": [9, 0, 10, 1], "texture": "#texture"},
				"east": {"uv": [6, 0, 7, 16], "rotation": 90, "texture": "#texture"},
				"south": {"uv": [6, 15, 7, 16], "texture": "#texture"},
				"west": {"uv": [6, 0, 7, 16], "rotation": 270, "texture": "#texture"},
				"up": {"uv": [6, 0, 7, 16], "texture": "#texture"},
				"down": {"uv": [6, 16, 7, 0], "texture": "#texture"}
			}
		},
		{
			"from": [9, 1, 0],
			"to": [10, 2, 16],
			"faces": {
				"north": {"uv": [6, 0, 7, 1], "texture": "#texture"},
				"east": {"uv": [9, 0, 10, 16], "rotation": 90, "texture": "#texture"},
				"south": {"uv": [9, 15, 10, 16], "texture": "#texture"},
				"west": {"uv": [9, 0, 10, 16], "rotation": 270, "texture": "#texture"},
				"up": {"uv": [9, 0, 10, 16], "texture": "#texture"},
				"down": {"uv": [9, 16, 10, 0], "texture": "#texture"}
			}
		},
		{
			"from": [7, 1, 13],
			"to": [9, 2, 15],
			"faces": {
				"north": {"uv": [7, 1, 9, 2], "texture": "#texture"},
				"east": {"uv": [6, 0, 7, 16], "texture": "#texture"},
				"south": {"uv": [7, 2, 9, 3], "texture": "#texture"},
				"west": {"uv": [6, 0, 7, 16], "texture": "#texture"},
				"up": {"uv": [7, 13, 9, 15], "texture": "#texture"},
				"down": {"uv": [6, 16, 7, 0], "texture": "#texture"}
			}
		},
		{
			"from": [7, 1, 9],
			"to": [9, 2, 11],
			"faces": {
				"north": {"uv": [7, 1, 9, 2], "texture": "#texture"},
				"east": {"uv": [6, 0, 7, 16], "texture": "#texture"},
				"south": {"uv": [7, 2, 9, 3], "texture": "#texture"},
				"west": {"uv": [6, 0, 7, 16], "texture": "#texture"},
				"up": {"uv": [7, 9, 9, 11], "texture": "#texture"},
				"down": {"uv": [6, 16, 7, 0], "texture": "#texture"}
			}
		},
		{
			"from": [7, 1, 5],
			"to": [9, 2, 7],
			"faces": {
				"north": {"uv": [7, 1, 9, 2], "texture": "#texture"},
				"east": {"uv": [6, 0, 7, 16], "texture": "#texture"},
				"south": {"uv": [7, 2, 9, 3], "texture": "#texture"},
				"west": {"uv": [6, 0, 7, 16], "texture": "#texture"},
				"up": {"uv": [7, 5, 9, 7], "texture": "#texture"},
				"down": {"uv": [6, 16, 7, 0], "texture": "#texture"}
			}
		},
		{
			"from": [7, 1, 1],
			"to": [9, 2, 3],
			"faces": {
				"north": {"uv": [7, 1, 9, 2], "texture": "#texture"},
				"east": {"uv": [6, 0, 7, 16], "texture": "#texture"},
				"south": {"uv": [7, 2, 9, 3], "texture": "#texture"},
				"west": {"uv": [6, 0, 7, 16], "texture": "#texture"},
				"up": {"uv": [7, 1, 9, 3], "texture": "#texture"},
				"down": {"uv": [6, 16, 7, 0], "texture": "#texture"}
			}
		}
	],
	"__createdwith": "opl's Model Creator"
}