{
	"credit": "Made with Blockbench, a free, modern block model editor by JannisX11",
	"ambientocclusion": false,
	"textures": {
		"0": "block/rail",
		"particle": "block/powered_rail_on",
		"texture": "block/powered_rail_on"
	},
	"elements": [
		{
			"from": [2, 0, 0],
			"to": [4, 2, 16],
			"faces": {
				"north": {"uv": [12, 13, 14, 15], "texture": "#texture"},
				"east": {"uv": [3, 16, 4, 0], "rotation": 90, "texture": "#texture"},
				"south": {"uv": [2, 1, 4, 3], "texture": "#texture"},
				"west": {"uv": [2, 16, 3, 0], "rotation": 90, "texture": "#texture"},
				"up": {"uv": [2, 0, 4, 16], "texture": "#texture"},
				"down": {"uv": [2, 16, 4, 0], "texture": "#texture"}
			}
		},
		{
			"from": [12, 0, 0],
			"to": [14, 2, 16],
			"faces": {
				"north": {"uv": [2, 13, 4, 15], "texture": "#texture"},
				"east": {"uv": [13, 0, 14, 16], "rotation": 90, "texture": "#texture"},
				"south": {"uv": [12, 1, 14, 3], "texture": "#texture"},
				"west": {"uv": [12, 16, 13, 0], "rotation": 270, "texture": "#texture"},
				"up": {"uv": [12, 0, 14, 16], "texture": "#texture"},
				"down": {"uv": [12, 16, 14, 0], "texture": "#texture"}
			}
		},
		{
			"from": [1, 0, 13],
			"to": [15, 1, 15],
			"faces": {
				"north": {"uv": [1, 14, 2, 15], "texture": "#0"},
				"east": {"uv": [1, 13, 2, 15], "rotation": 90, "texture": "#texture"},
				"south": {"uv": [1, 14, 15, 15], "texture": "#0"},
				"west": {"uv": [1, 13, 2, 15], "rotation": 270, "texture": "#texture"},
				"up": {"uv": [1, 1, 15, 3], "texture": "#0"},
				"down": {"uv": [1, 3, 15, 1], "texture": "#0"}
			}
		},
		{
			"from": [1, 0, 9],
			"to": [15, 1, 11],
			"faces": {
				"north": {"uv": [1, 14, 2, 15], "texture": "#0"},
				"east": {"uv": [1, 13, 2, 15], "rotation": 90, "texture": "#texture"},
				"south": {"uv": [1, 14, 15, 15], "texture": "#0"},
				"west": {"uv": [1, 13, 2, 15], "rotation": 270, "texture": "#texture"},
				"up": {"uv": [1, 1, 15, 3], "texture": "#0"},
				"down": {"uv": [1, 7, 15, 5], "texture": "#0"}
			}
		},
		{
			"from": [1, 0, 5],
			"to": [15, 1, 7],
			"faces": {
				"north": {"uv": [1, 14, 2, 15], "texture": "#0"},
				"east": {"uv": [1, 13, 2, 15], "rotation": 90, "texture": "#texture"},
				"south": {"uv": [1, 14, 15, 15], "texture": "#0"},
				"west": {"uv": [1, 13, 2, 15], "rotation": 270, "texture": "#texture"},
				"up": {"uv": [1, 1, 15, 3], "texture": "#0"},
				"down": {"uv": [1, 15, 15, 13], "texture": "#0"}
			}
		},
		{
			"from": [1, 0, 1],
			"to": [15, 1, 3],
			"faces": {
				"north": {"uv": [1, 14, 2, 15], "texture": "#0"},
				"east": {"uv": [1, 13, 2, 15], "rotation": 90, "texture": "#texture"},
				"south": {"uv": [1, 14, 15, 15], "texture": "#0"},
				"west": {"uv": [1, 13, 2, 15], "rotation": 270, "texture": "#texture"},
				"up": {"uv": [1, 1, 15, 3], "texture": "#0"},
				"down": {"uv": [1, 3, 15, 1], "texture": "#0"}
			}
		},
		{
			"from": [4, 1, 0],
			"to": [5, 2, 16],
			"faces": {
				"north": {"uv": [4, 0, 5, 1], "texture": "#texture"},
				"east": {"uv": [4, 0, 5, 16], "rotation": 90, "texture": "#texture"},
				"south": {"uv": [4, 15, 5, 16], "texture": "#texture"},
				"west": {"uv": [4, 0, 5, 16], "texture": "#texture"},
				"up": {"uv": [4, 0, 5, 16], "texture": "#texture"},
				"down": {"uv": [4, 16, 5, 0], "texture": "#texture"}
			}
		},
		{
			"from": [11, 1, 0],
			"to": [12, 2, 16],
			"faces": {
				"north": {"uv": [11, 0, 12, 1], "texture": "#texture"},
				"east": {"uv": [4, 0, 5, 16], "texture": "#texture"},
				"south": {"uv": [11, 15, 12, 16], "texture": "#texture"},
				"west": {"uv": [11, 0, 12, 16], "rotation": 270, "texture": "#texture"},
				"up": {"uv": [11, 0, 12, 16], "texture": "#texture"},
				"down": {"uv": [4, 16, 5, 0], "texture": "#texture"}
			}
		},
		{
			"from": [5, 1, 13],
			"to": [11, 2, 15],
			"faces": {
				"north": {"uv": [5, 13, 11, 14], "texture": "#texture"},
				"east": {"uv": [4, 0, 5, 16], "texture": "#texture"},
				"south": {"uv": [5, 14, 11, 15], "texture": "#texture"},
				"west": {"uv": [4, 0, 5, 16], "texture": "#texture"},
				"up": {"uv": [5, 13, 11, 15], "texture": "#texture"},
				"down": {"uv": [4, 16, 5, 0], "texture": "#texture"}
			}
		},
		{
			"from": [5, 1, 9],
			"to": [11, 2, 11],
			"faces": {
				"north": {"uv": [5, 9, 11, 10], "texture": "#texture"},
				"east": {"uv": [4, 0, 5, 16], "texture": "#texture"},
				"south": {"uv": [5, 14, 11, 15], "texture": "#texture"},
				"west": {"uv": [4, 0, 5, 16], "texture": "#texture"},
				"up": {"uv": [5, 9, 11, 11], "texture": "#texture"},
				"down": {"uv": [4, 16, 5, 0], "texture": "#texture"}
			}
		},
		{
			"from": [5, 1, 5],
			"to": [11, 2, 7],
			"faces": {
				"north": {"uv": [5, 5, 11, 6], "texture": "#texture"},
				"east": {"uv": [4, 0, 5, 16], "texture": "#texture"},
				"south": {"uv": [5, 14, 11, 15], "texture": "#texture"},
				"west": {"uv": [4, 0, 5, 16], "texture": "#texture"},
				"up": {"uv": [5, 5, 11, 7], "texture": "#texture"},
				"down": {"uv": [4, 16, 5, 0], "texture": "#texture"}
			}
		},
		{
			"from": [5, 1, 1],
			"to": [11, 2, 3],
			"faces": {
				"north": {"uv": [5, 1, 11, 2], "texture": "#texture"},
				"east": {"uv": [4, 0, 5, 16], "texture": "#texture"},
				"south": {"uv": [5, 14, 11, 15], "texture": "#texture"},
				"west": {"uv": [4, 0, 5, 16], "texture": "#texture"},
				"up": {"uv": [5, 1, 11, 3], "texture": "#texture"},
				"down": {"uv": [4, 16, 5, 0], "texture": "#texture"}
			}
		}
	],
	"__createdwith": "opl's Model Creator"
}