{
	"credit": "Made with Blockbench, a free, modern block model editor by JannisX11",
	"ambientocclusion": false,
	"textures": {
		"0": "block/powered_rail",
		"1": "block/rail",
		"particle": "block/powered_rail"
	},
	"elements": [
		{
			"name": "T1",
			"from": [2, 7.4, -4.7],
			"to": [4, 9.4, 19.3],
			"rotation": {"angle": 45, "axis": "x", "origin": [8, 8, 8]},
			"faces": {
				"north": {"uv": [12, 1, 14, 3], "texture": "#0"},
				"east": {"uv": [3, 1, 4, 3], "texture": "#0"},
				"south": {"uv": [2, 1, 4, 3], "texture": "#0"},
				"west": {"uv": [2, 0, 3, 16], "rotation": 270, "texture": "#0"},
				"up": {"uv": [2, 0, 4, 16], "texture": "#0"},
				"down": {"uv": [2, 0, 4, 16], "texture": "#0"}
			}
		},
		{
			"name": "T2",
			"from": [12, 7.4, -4.7],
			"to": [14, 9.4, 19.3],
			"rotation": {"angle": 45, "axis": "x", "origin": [8, 8, 8]},
			"faces": {
				"north": {"uv": [2, 1, 4, 3], "texture": "#0"},
				"east": {"uv": [13, 0, 14, 16], "rotation": 90, "texture": "#0"},
				"south": {"uv": [12, 1, 14, 3], "texture": "#0"},
				"west": {"uv": [3, 1, 4, 3], "texture": "#0"},
				"up": {"uv": [12, 0, 14, 16], "texture": "#0"},
				"down": {"uv": [12, 0, 14, 16], "texture": "#0"}
			}
		},
		{
			"name": "Cube",
			"from": [1, 7.4, -1],
			"to": [15, 8.4, 1],
			"rotation": {"angle": 45, "axis": "x", "origin": [8, 8, 8]},
			"faces": {
				"north": {"uv": [4, 1, 6, 2], "texture": "#0"},
				"east": {"uv": [4, 1, 5, 3], "rotation": 90, "texture": "#0"},
				"south": {"uv": [4, 2, 6, 3], "texture": "#0"},
				"west": {"uv": [4, 1, 5, 3], "rotation": 270, "texture": "#0"},
				"up": {"uv": [4, 1, 6, 3], "texture": "#0"},
				"down": {"uv": [1, 3, 15, 1], "texture": "#1"}
			}
		},
		{
			"name": "Cube",
			"from": [1, 7.4, 4],
			"to": [15, 8.4, 6],
			"rotation": {"angle": 45, "axis": "x", "origin": [8, 8, 8]},
			"faces": {
				"north": {"uv": [4, 1, 6, 2], "texture": "#0"},
				"east": {"uv": [4, 1, 5, 3], "rotation": 90, "texture": "#0"},
				"south": {"uv": [4, 2, 6, 3], "texture": "#0"},
				"west": {"uv": [4, 1, 5, 3], "rotation": 270, "texture": "#0"},
				"up": {"uv": [4, 1, 6, 3], "texture": "#0"},
				"down": {"uv": [1, 7, 15, 5], "texture": "#1"}
			}
		},
		{
			"name": "Cube",
			"from": [1, 7.4, 9],
			"to": [15, 8.4, 11],
			"rotation": {"angle": 45, "axis": "x", "origin": [8, 8, 8]},
			"faces": {
				"north": {"uv": [4, 1, 6, 2], "texture": "#0"},
				"east": {"uv": [4, 1, 5, 3], "rotation": 90, "texture": "#0"},
				"south": {"uv": [4, 2, 6, 3], "texture": "#0"},
				"west": {"uv": [4, 1, 5, 3], "rotation": 270, "texture": "#0"},
				"up": {"uv": [4, 1, 6, 3], "texture": "#0"},
				"down": {"uv": [1, 11, 15, 9], "texture": "#1"}
			}
		},
		{
			"name": "Cube",
			"from": [1, 7.4, 14],
			"to": [15, 8.4, 16],
			"rotation": {"angle": 45, "axis": "x", "origin": [8, 8, 8]},
			"faces": {
				"north": {"uv": [4, 1, 6, 2], "texture": "#0"},
				"east": {"uv": [4, 1, 5, 3], "rotation": 90, "texture": "#0"},
				"south": {"uv": [4, 2, 6, 3], "texture": "#0"},
				"west": {"uv": [4, 1, 5, 3], "rotation": 270, "texture": "#0"},
				"up": {"uv": [4, 1, 6, 3], "texture": "#0"},
				"down": {"uv": [1, 15, 15, 13], "texture": "#1"}
			}
		},
		{
			"name": "G1",
			"from": [6, 8.4, -4.7],
			"to": [7, 9.4, 19.3],
			"rotation": {"angle": 45, "axis": "x", "origin": [8, 8, 8]},
			"faces": {
				"north": {"uv": [6, 1, 7, 2], "texture": "#0"},
				"east": {"uv": [6, 0, 7, 16], "rotation": 90, "texture": "#0"},
				"south": {"uv": [6, 2, 7, 3], "texture": "#0"},
				"west": {"uv": [6, 0, 7, 16], "rotation": 270, "texture": "#0"},
				"up": {"uv": [6, 0, 7, 16], "texture": "#0"},
				"down": {"uv": [6, 0, 7, 16], "rotation": 180, "texture": "#0"}
			}
		},
		{
			"name": "G2",
			"from": [9, 8.4, -4.7],
			"to": [10, 9.4, 19.3],
			"rotation": {"angle": 45, "axis": "x", "origin": [8, 8, 8]},
			"faces": {
				"north": {"uv": [6, 1, 7, 2], "texture": "#0"},
				"east": {"uv": [9, 0, 10, 16], "rotation": 90, "texture": "#0"},
				"south": {"uv": [6, 2, 7, 3], "texture": "#0"},
				"west": {"uv": [9, 0, 10, 16], "rotation": 270, "texture": "#0"},
				"up": {"uv": [9, 0, 10, 16], "texture": "#0"},
				"down": {"uv": [6, 0, 7, 16], "texture": "#0"}
			}
		},
		{
			"name": "R1",
			"from": [7, 8.4, -1],
			"to": [9, 9.4, 1],
			"rotation": {"angle": 45, "axis": "x", "origin": [8, 8, 8]},
			"faces": {
				"north": {"uv": [7, 2, 9, 3], "texture": "#0"},
				"east": {"uv": [7, 2, 9, 3], "texture": "#0"},
				"south": {"uv": [7, 2, 9, 3], "texture": "#0"},
				"west": {"uv": [7, 2, 9, 3], "texture": "#0"},
				"up": {"uv": [7, 2, 9, 3], "texture": "#0"},
				"down": {"uv": [7, 1, 9, 3], "texture": "#0"}
			}
		},
		{
			"name": "R2",
			"from": [7, 8.4, 4],
			"to": [9, 9.4, 6],
			"rotation": {"angle": 45, "axis": "x", "origin": [8, 8, 8]},
			"faces": {
				"north": {"uv": [7, 2, 9, 3], "texture": "#0"},
				"east": {"uv": [7, 2, 9, 3], "texture": "#0"},
				"south": {"uv": [7, 2, 9, 3], "texture": "#0"},
				"west": {"uv": [7, 2, 9, 3], "texture": "#0"},
				"up": {"uv": [7, 2, 9, 3], "texture": "#0"},
				"down": {"uv": [7, 1, 9, 3], "texture": "#0"}
			}
		},
		{
			"name": "R3",
			"from": [7, 8.4, 9],
			"to": [9, 9.4, 11],
			"rotation": {"angle": 45, "axis": "x", "origin": [8, 8, 8]},
			"faces": {
				"north": {"uv": [7, 2, 9, 3], "texture": "#0"},
				"east": {"uv": [7, 2, 9, 3], "texture": "#0"},
				"south": {"uv": [7, 2, 9, 3], "texture": "#0"},
				"west": {"uv": [7, 2, 9, 3], "texture": "#0"},
				"up": {"uv": [7, 2, 9, 3], "texture": "#0"},
				"down": {"uv": [7, 1, 9, 3], "texture": "#0"}
			}
		},
		{
			"name": "R4",
			"from": [7, 8.4, 14],
			"to": [9, 9.4, 16],
			"rotation": {"angle": 45, "axis": "x", "origin": [8, 8, 8]},
			"faces": {
				"north": {"uv": [7, 2, 9, 3], "texture": "#0"},
				"east": {"uv": [7, 2, 9, 3], "texture": "#0"},
				"south": {"uv": [7, 2, 9, 3], "texture": "#0"},
				"west": {"uv": [7, 2, 9, 3], "texture": "#0"},
				"up": {"uv": [7, 2, 9, 3], "texture": "#0"},
				"down": {"uv": [7, 1, 9, 3], "texture": "#0"}
			}
		}
	],
	"__createdwith": "opl's Model Creator"
}