{
	"elements": [
		{
			"from": [3, 4, 7],
			"to": [13, 12, 8],
			"faces": {
				"north": {"uv": [3, 4, 13, 12], "texture": "#0"},
				"east": {"uv": [3, 4, 4, 12], "texture": "#0"},
				"south": {"uv": [3, 4, 13, 12], "texture": "#0"},
				"west": {"uv": [12, 4, 13, 12], "texture": "#0"},
				"up": {"uv": [3, 4, 13, 5], "texture": "#0"},
				"down": {"uv": [3, 11, 13, 12], "texture": "#0"}
			}
		},
		{
			"from": [4, 12, 7],
			"to": [12, 13, 8],
			"faces": {
				"north": {"uv": [4, 3, 12, 4], "texture": "#0"},
				"east": {"uv": [4, 3, 5, 4], "texture": "#0"},
				"south": {"uv": [4, 3, 12, 4], "texture": "#0"},
				"west": {"uv": [11, 3, 12, 4], "texture": "#0"},
				"up": {"uv": [4, 3, 12, 4], "texture": "#0"}
			}
		},
		{
			"from": [4, 3, 7],
			"to": [12, 4, 8],
			"faces": {
				"north": {"uv": [4, 3, 12, 4], "texture": "#0"},
				"east": {"uv": [4, 3, 5, 4], "texture": "#0"},
				"south": {"uv": [4, 3, 12, 4], "texture": "#0"},
				"west": {"uv": [11, 3, 12, 4], "texture": "#0"},
				"down": {"uv": [4, 12, 12, 13], "texture": "#0"}
			}
		}
	],
	"gui_light": "front",
	"display": {
		"thirdperson_righthand": {
			"translation": [0, 3, 1],
			"scale": [0.55, 0.55, 0.55]
		},
		"firstperson_righthand": {
			"rotation": [0, -90, 25],
			"translation": [1.13, 3.2, 1.13],
			"scale": [0.68, 0.68, 0.68]
		},
		"ground": {
			"translation": [0, 2, 0],
			"scale": [0.5, 0.5, 0.5]
		},
		"head": {
			"rotation": [0, 180, 0],
			"translation": [0, 13, 7]
		},
		"fixed": {
			"rotation": [0, 180, 0]
		}
	}
}